{"_timestamp":1.7439459654159558e+09,"l1_loss":0.131,"dssim_loss":0.109,"_runtime":317.84901164,"_step":1002,"total_loss":0.149,"rendered_video":{"_type":"video-file","sha256":"b47b299b7f4207ca413f651377902704e36a948b3c7b10ae6bfe265db4cf47fd","size":1899088,"path":"media/videos/rendered_video_1001_b47b299b7f4207ca413f.mp4"},"_wandb":{"runtime":318},"depth_loss":0.958,"psnr":13.433}