{"l1_loss":0.126,"depth_loss":0.985,"psnr":13.919,"_wandb":{"runtime":2342},"dssim_loss":0.106,"total_loss":0.143,"_step":2004,"_runtime":2342.802304315,"rendered_video":{"_type":"video-file","sha256":"9f4084e277fbf1fb528b4dda20532f89bc1fce40b9bc27f0db3e1b4a8c08479a","size":1947078,"path":"media/videos/rendered_video_2003_9f4084e277fbf1fb528b.mp4"},"_timestamp":1.7439495853395298e+09}