{"_timestamp":1.7439462085835881e+09,"dssim_loss":0.081,"depth_loss":1.443,"rendered_video":{"path":"media/videos/rendered_video_1001_3bf91878efe745bb06a0.mp4","_type":"video-file","sha256":"3bf91878efe745bb06a0a8754b3645695fc19a5d99f78de6b0b1e28ffed803e1","size":1944543},"_wandb":{"runtime":155},"l1_loss":0.11,"psnr":14.174,"total_loss":0.12,"_step":1002,"_runtime":155.404903817}