{"depth_loss":0.454,"psnr":16.855,"_wandb":{"runtime":4870},"dssim_loss":0.053,"_runtime":4869.941891505,"rendered_video":{"sha256":"fad0972660a3250077486d939db02cd3cae15fb3f690efb2e9b6d07ec7dd454d","size":2077024,"path":"media/videos/rendered_video_9008_fad0972660a325007748.mp4","_type":"video-file"},"_step":9782,"total_loss":0.227,"_timestamp":1.7440013251316216e+09,"l1_loss":0.08}