{"_runtime":4006.618020842,"l1_loss":0.091,"psnr":16.902,"depth_loss":0.836,"rendered_video":{"path":"media/videos/rendered_video_10019_7654b792217c8fc2938c.mp4","_type":"video-file","sha256":"7654b792217c8fc2938c6ee2e4b192a9389f6bb4f007aa6def9d9bfbb4e6db29","size":2121205},"_timestamp":1.743959576512804e+09,"_step":10020,"total_loss":0.097,"dssim_loss":0.06,"_wandb":{"runtime":4006}}