{"_step":2004,"depth_loss":0.904,"_runtime":476.396216412,"total_loss":0.126,"psnr":14.969,"l1_loss":0.111,"dssim_loss":0.092,"_wandb":{"runtime":476},"_timestamp":1.743954594262828e+09,"rendered_video":{"sha256":"904fc5e9e525221e0723ce286086223421db190f1e13e66e5ed447fd2b650f37","size":1954974,"path":"media/videos/rendered_video_2003_904fc5e9e525221e0723.mp4","_type":"video-file"}}