{"total_loss":0.097,"rendered_video":{"sha256":"43398bfc7d6e737a6900d44b62199a9801df9516d37e2ae05f42d21d7f67e6b8","size":1862128,"path":"media/videos/rendered_video_1001_43398bfc7d6e737a6900.mp4","_type":"video-file"},"_step":1002,"_timestamp":1.7439453091330435e+09,"dssim_loss":0.057,"_runtime":1219.816601901,"depth_loss":0.83,"psnr":15.816,"_wandb":{"runtime":1220},"l1_loss":0.093}