{"_runtime":374.967252457,"psnr":13.694,"total_loss":0.243,"_timestamp":1.7439908081440203e+09,"rendered_video":{"path":"media/videos/rendered_video_500_ec981b9b5fb8696150ff.mp4","_type":"video-file","sha256":"ec981b9b5fb8696150fffb8dc5e4cc632776ff4b89f69b844d6723d5999fa348","size":2332652},"depth_loss":1.287,"dssim_loss":0.357,"_wandb":{"runtime":375},"_step":598,"l1_loss":0.125}