{"_runtime":284.922956328,"depth_loss":0.926,"rendered_video":{"size":1962956,"path":"media/videos/rendered_video_2003_fde53a7489507eede12c.mp4","_type":"video-file","sha256":"fde53a7489507eede12c3289312819ddc8a33dc70b1ea93ac4d65e15a7e2ee75"},"_timestamp":1.743953625444794e+09,"dssim_loss":0.108,"total_loss":0.152,"_step":2004,"psnr":13.729,"l1_loss":0.136,"_wandb":{"runtime":285}}