{"_wandb":{"runtime":2553},"_step":2006,"_runtime":2553.038853854,"rendered_video":{"sha256":"4522587b6ef00c9b0d26b724569aa8124e42aac1a7a026e1720f7c6fde74e1c7","size":1929602,"path":"media/videos/rendered_video_1805_4522587b6ef00c9b0d26.mp4","_type":"video-file"},"depth_loss":1.098,"psnr":13.827,"_timestamp":1.7439522839848764e+09,"total_loss":0.137,"l1_loss":0.116,"dssim_loss":0.111}