{"dssim_loss":0.119,"psnr":13.876,"total_loss":0.147,"_wandb":{"runtime":306},"rendered_video":{"_type":"video-file","sha256":"21d5fe1cde9da508828c0215c47489997a6a8a33fb90a925595c590dcd269822","size":1942126,"path":"media/videos/rendered_video_2003_21d5fe1cde9da508828c.mp4"},"_runtime":306.325346396,"l1_loss":0.124,"depth_loss":1.096,"_step":2004,"_timestamp":1.7439540570413914e+09}