{"psnr":18.694,"_runtime":1543.703339513,"depth_loss":0.875,"l1_loss":0.063,"rendered_video":{"_type":"video-file","sha256":"d896c70ac78d7fc83d038fece625e79cea7ff10e3ef17e623b194baceb1ed8fc","size":2410204,"path":"media/videos/rendered_video_2003_d896c70ac78d7fc83d03.mp4"},"total_loss":0.066,"_timestamp":1.743990124299893e+09,"_step":2451,"dssim_loss":0.04,"_wandb":{"runtime":1544}}