{"_runtime":5013.006728867,"_step":10010,"dssim_loss":0.088,"_timestamp":1.7440063535607393e+09,"_wandb":{"runtime":5014},"psnr":15.899,"rendered_video":{"path":"media/videos/rendered_video_10009_cd10e80a35d745a340de.mp4","_type":"video-file","sha256":"cd10e80a35d745a340de5fddb0de2af5d10ea28f3f0d103346b1c7150d9dbea5","size":2066224},"depth_loss":0.46,"l1_loss":0.096,"total_loss":0.259}