{"total_loss":0.257,"rendered_video":{"path":"media/videos/rendered_video_10009_8f385cc791631584d567.mp4","_type":"video-file","sha256":"8f385cc791631584d5678e2fcc7a418dff420cd79212e1bfeefe4b636d7c838f","size":2463002},"_runtime":3536.840636252,"_timestamp":1.7439952751391504e+09,"depth_loss":0.418,"l1_loss":0.106,"_step":10010,"_wandb":{"runtime":3537},"dssim_loss":0.092,"psnr":14.737}