{"_wandb":{"runtime":2960},"_runtime":2959.925211802,"depth_loss":0.939,"_timestamp":1.7439883335164356e+09,"l1_loss":0.066,"_step":6472,"rendered_video":{"sha256":"89073c7cce5789532ee124450e7c1058aa7008f428e9b840c86805f46c89a4c3","size":2565677,"path":"media/videos/rendered_video_6011_89073c7cce5789532ee1.mp4","_type":"video-file"},"dssim_loss":0.042,"psnr":18.469,"total_loss":0.07}